id,subtopic,title,authors,year,venue,doi,url,pdf_url,pdf_verified,eric_id,license,publish_flag,why,pilot_id,pdf_file,pdf_source_used
1,extensive-reading,Learning a Language Through Reading: A Meta-analysis of Studies on the Effects of Extensive Reading on Second and Foreign Language Learning,Nina L. Sangers; Lisa van der Sande; Camille Welie; Marjolein Dobber; Roel van Steensel,2025,Educational Psychology Review,10.1007/s10648-025-10068-6,https://doi.org/10.1007/s10648-025-10068-6,https://link.springer.com/content/pdf/10.1007/s10648-025-10068-6.pdf,publisher-blocks-script(200); open via DOI in browser,,CC BY,OK,다독(ER)이 L2 어휘·독해 등에 미치는 효과를 최신 메타분석으로 종합 — '많이 읽히면 정말 늘까?'에 대한 1순위 근거,01_learning-a-language-through-reading-a-meta-analysi,01_learning-a-language-through-reading-a-meta-analysi.pdf,https://pure.eur.nl/ws/files/210152148/s10648-025-10068-6.pdf
2,extensive-reading,The Effects of Extensive Reading on English Vocabulary Learning: A Meta-analysis,Jiren Liu; Jianying Zhang,2018,English Language Teaching,10.5539/elt.v11n6p1,https://doi.org/10.5539/elt.v11n6p1,http://www.ccsenet.org/journal/index.php/elt/article/download/75243/41511,yes,EJ1179114,CC BY,OK,다독이 영어 어휘 학습에 미치는 효과 메타분석(CC BY) — 다독=어휘 성장 연결 근거,02_the-effects-of-extensive-reading-on-english-vocabu,02_the-effects-of-extensive-reading-on-english-vocabu.pdf,http://www.ccsenet.org/journal/index.php/elt/article/download/75243/41511
3,extensive-reading,Comparison of the Impact of Extensive and Intensive Reading Approaches on the Korean EFL Learners’ Reading Rate and Reading Comprehension Development,A Young Park,2017,International Journal of Applied Linguistics and English Literature,10.7575/aiac.ijalel.v.6n.3p.131,https://doi.org/10.7575/aiac.ijalel.v.6n.3p.131,,no-direct-pdf(landing page only),,CC BY,OK,"한국 EFL 학습자 대상 12주 다독 vs 정독 준실험(읽기 속도·독해, 숙달도별) — 한국 맥락 근거",03_comparison-of-the-impact-of-extensive-and-intensiv,,
9,vocabulary,The effects of glosses on English L2 incidental vocabulary learning through reading: a meta-analysis,He Sirong; Azianura Hani Shaari; Ng Lay Shi,2026,Frontiers in Language Sciences,10.3389/flang.2026.1815571,https://doi.org/10.3389/flang.2026.1815571,https://www.frontiersin.org/journals/language-sciences/articles/10.3389/flang.2026.1815571/pdf,yes,,CC BY,OK,읽기 중 주석(gloss) 제공이 어휘학습에 미치는 효과 메타분석(CC BY) — 전자책·단어 뜻 도움 기능 설명,04_the-effects-of-glosses-on-english-l2-incidental-vo,04_the-effects-of-glosses-on-english-l2-incidental-vo.pdf,https://www.frontiersin.org/journals/language-sciences/articles/10.3389/flang.2026.1815571/pdf
10,vocabulary,"How do text type, prior vocabulary knowledge, and working memory capacity affect second language incidental vocabulary learning through reading?",Soomin Lim; Sang-Ki Lee,2025,Studies in Second Language Learning and Teaching,10.14746/ssllt.33236,https://doi.org/10.14746/ssllt.33236,https://pressto.amu.edu.pl/index.php/ssllt/article/download/33236/40208,yes,,CC BY,OK,한국 연구진(임수민·이상기): 텍스트 유형·사전 어휘·작업기억이 우연적 어휘학습에 미치는 영향(CC BY),05_how-do-text-type-prior-vocabulary-knowledge-and-wo,05_how-do-text-type-prior-vocabulary-knowledge-and-wo.pdf,https://pressto.amu.edu.pl/index.php/ssllt/article/download/33236/40208
11,vocabulary,Exploring the Effect of Assisted Repeated Reading on Incidental Vocabulary Learning and Vocabulary Learning Self-Efficacy in an EFL Context,Habib Soleimani; Farnoosh Mohammaddokht; Jalil Fathi,2022,Frontiers in Psychology,10.3389/fpsyg.2022.851812,https://doi.org/10.3389/fpsyg.2022.851812,https://www.frontiersin.org/articles/10.3389/fpsyg.2022.851812/pdf,yes,,CC BY,OK,이란 EFL 학습자: 음원을 들으며 반복 읽기(assisted) vs 그냥 반복 읽기의 우연적 어휘학습 비교(CC BY) — 음원 병행 반복읽기 숙제 근거,06_exploring-the-effect-of-assisted-repeated-reading,06_exploring-the-effect-of-assisted-repeated-reading.pdf,https://www.frontiersin.org/articles/10.3389/fpsyg.2022.851812/pdf
12,vocabulary,Role of Morphological Awareness and Morphological Processing in Korean Secondary School Students' English-Vocabulary Knowledge and Reading Comprehension,Eun Joo Kim,2019,English Teaching,10.15858/engtea.74.2.201906.51,https://doi.org/10.15858/engtea.74.2.201906.51,https://files.eric.ed.gov/fulltext/EJ1293321.pdf,yes,EJ1293321,CC BY,OK,한국 중등생의 형태소 인식과 영어 어휘력 관계 — 접두사·접미사 지도 근거(한국 맥락),07_role-of-morphological-awareness-and-morphological,07_role-of-morphological-awareness-and-morphological.pdf,https://files.eric.ed.gov/fulltext/EJ1293321.pdf
17,reading-comprehension,Reconceptualizing the Role of Oral Language Predictors in Korean EFL Learners’ Reading Comprehension,Jeeyoung Park; Yusun Kang,2025,English Teaching,10.15858/engtea.80.2.202506.83,https://doi.org/10.15858/engtea.80.2.202506.83,https://files.eric.ed.gov/fulltext/EJ1477100.pdf,yes,EJ1477100,CC BY,OK,한국 EFL 학습자 독해에서 구두 언어(듣기·어휘·문법) 예측 요인 재검토 — 말하기·듣기 병행 이유,08_reconceptualizing-the-role-of-oral-language-predic,08_reconceptualizing-the-role-of-oral-language-predic.pdf,https://files.eric.ed.gov/fulltext/EJ1477100.pdf
18,reading-comprehension,Heterogeneity of English Reading Skills and Its Associations with Learning Backgrounds in Korean EFL Contexts,Byungmin Lee; Hyunsoon Kim,2024,English Teaching,10.15858/engtea.79.4.202412.3,https://doi.org/10.15858/engtea.79.4.202412.3,https://files.eric.ed.gov/fulltext/EJ1459864.pdf,yes,EJ1459864,CC BY,OK,"한국 고교생 234명의 영어 읽기 능력 유형 4가지 — 과거 긍정적 학습 경험·교과 외 영어 독서·동기가 유형을 예측(한국 맥락, CC BY)",09_heterogeneity-of-english-reading-skills-and-its-as,09_heterogeneity-of-english-reading-skills-and-its-as.pdf,https://files.eric.ed.gov/fulltext/EJ1459864.pdf
20,reading-comprehension,Reading while listening meta-analysis,Virginia Clinton-Lisell,2023,OSF Preprints,10.31219/osf.io/ku6tv,https://doi.org/10.31219/osf.io/ku6tv,https://osf.io/ku6tv/download,yes,,CC BY,OK,"듣고 읽기(RWL)가 읽기만보다 독해에 유리한지 메타분석(프리프린트, CC BY) — 음원 병행 근거",10_reading-while-listening-meta-analysis,10_reading-while-listening-meta-analysis.pdf,https://osf.io/ku6tv/download
21,reading-comprehension,Does the Simple View of Reading Explain Korean Elementary EFL Learners’ Reading Comprehension?,Yusun Kang,2021,English Teaching,10.15858/engtea.76.1.202103.57,https://doi.org/10.15858/engtea.76.1.202103.57,https://files.eric.ed.gov/fulltext/EJ1293320.pdf,yes,EJ1293320,CC BY,OK,한국 초등 EFL 학습자에게 '단순 독해 관점'(해독×언어이해)이 들어맞는지 검증 — 초등 상담 핵심 근거,11_does-the-simple-view-of-reading-explain-korean-ele,11_does-the-simple-view-of-reading-explain-korean-ele.pdf,https://files.eric.ed.gov/fulltext/EJ1293320.pdf
22,reading-comprehension,A Comparison of Children’s Reading on Paper Versus Screen: A Meta-Analysis,May Irene Furenes; Natalia Kucirkova; Adriana G. Bus,2021,Review of Educational Research,10.3102/0034654321998074,https://doi.org/10.3102/0034654321998074,https://journals.sagepub.com/doi/pdf/10.3102/0034654321998074,publisher-blocks-script(200); open via DOI in browser,,CC BY,OK,아이들의 종이 vs 화면 읽기 독해 비교 메타분석(CC BY) — '태블릿으로 읽어도 되나요?' 근거,12_a-comparison-of-children-s-reading-on-paper-versus,12_a-comparison-of-children-s-reading-on-paper-versus.pdf,https://journals.sagepub.com/doi/pdf/10.3102/0034654321998074
28,phonics-decoding,The Effectiveness of Phonological-Based Instruction in English As a Foreign Language Students at Primary School Level: A Research Synthesis,Shuting Huo; Shufen Wang,2017,Frontiers in Education,10.3389/feduc.2017.00015,https://doi.org/10.3389/feduc.2017.00015,https://www.frontiersin.org/articles/10.3389/feduc.2017.00015/pdf,yes,,CC BY,OK,EFL 초등생 대상 음운 기반(파닉스·음소인식) 지도 효과 연구 종합(CC BY) — EFL 파닉스 핵심 근거,13_the-effectiveness-of-phonological-based-instructio,13_the-effectiveness-of-phonological-based-instructio.pdf,https://www.frontiersin.org/articles/10.3389/feduc.2017.00015/pdf
29,phonics-decoding,Effectiveness of Treatment Approaches for Children and Adolescents with Reading Disabilities: A Meta-Analysis of Randomized Controlled Trials,Katharina Galuschka; Elena Ise; Kathrin Krick; Gerd Schulte-Körne,2014,PLoS ONE,10.1371/journal.pone.0089900,https://doi.org/10.1371/journal.pone.0089900,https://journals.plos.org/plosone/article/file?id=10.1371/journal.pone.0089900&type=printable,yes,,CC BY,OK,"읽기 부진 아동 치료 접근 메타분석 — 파닉스 지도만 유의한 효과(CC BY), 난독·부진 상담 근거",14_effectiveness-of-treatment-approaches-for-children,14_effectiveness-of-treatment-approaches-for-children.pdf,https://journals.plos.org/plosone/article/file?id=10.1371/journal.pone.0089900&type=printable
32,reading-motivation,"Modeling the associations between L2 teacher support and EFL learners’ reading motivation: The mediating impact of reading enjoyment, anxiety, and boredom",Ali Derakhshan; Mehdi Solhi; Jean-Marc Dewaele; Farzaneh Shakki,2025,Studies in Second Language Learning and Teaching,10.14746/ssllt.40078,https://doi.org/10.14746/ssllt.40078,https://pressto.amu.edu.pl/index.php/ssllt/article/download/40078/38181,yes,,CC BY,OK,교사 지원이 EFL 읽기 동기에 미치는 경로 모델링(CC BY) — 교사/학원 역할 설명,15_modeling-the-associations-between-l2-teacher-suppo,15_modeling-the-associations-between-l2-teacher-suppo.pdf,https://pressto.amu.edu.pl/index.php/ssllt/article/download/40078/38181
34,reading-motivation,Effectiveness of Interventions that Foster Reading Motivation: a Meta-analysis,Lisa van der Sande; Roel van Steensel; Suzanne Fikrat-Wevers; Lidia Arends,2023,Educational Psychology Review,10.1007/s10648-023-09719-3,https://doi.org/10.1007/s10648-023-09719-3,https://link.springer.com/content/pdf/10.1007/s10648-023-09719-3.pdf,publisher-blocks-script(200); open via DOI in browser,,CC BY,OK,읽기 동기 향상 중재 효과 메타분석(CC BY) — 선택권·흥미 기반 독서 지도 근거,16_effectiveness-of-interventions-that-foster-reading,16_effectiveness-of-interventions-that-foster-reading-motivation.pdf,https://pure.eur.nl/ws/files/85465579/Effectiveness_of_Interventions_that_Foster_Reading_Motivation.pdf
36,reading-motivation,What If Learners Are Not Involved in Reading? Reading Ability and Reading Motivation of EFL Learners,Yuah V. Chon; Jihye Kim,2019,English Teaching,10.15858/engtea.74.1.201903.75,https://doi.org/10.15858/engtea.74.1.201903.75,https://files.eric.ed.gov/fulltext/EJ1293095.pdf,yes,EJ1293095,CC BY,OK,한국 EFL 학습자의 읽기 능력과 읽기 동기 관계 — 한국 맥락의 동기 근거,17_what-if-learners-are-not-involved-in-reading-readi,17_what-if-learners-are-not-involved-in-reading-readi.pdf,https://files.eric.ed.gov/fulltext/EJ1293095.pdf
38,parent-home-literacy,Exploring the influence of the home literacy environment on early literacy and vocabulary skills in Korean–English bilingual children,Wi-Jiwoon Kim; Dongsun Yim,2024,Frontiers in Psychology,10.3389/fpsyg.2024.1336292,https://doi.org/10.3389/fpsyg.2024.1336292,https://www.frontiersin.org/journals/psychology/articles/10.3389/fpsyg.2024.1336292/pdf,yes,,CC BY,OK,"한국계 이중언어 아동(호주 거주, 4–5세)의 가정 문해 환경과 초기 문해·어휘 관계(CC BY) — 가정 내 두 언어 책 환경 설명에 참고(국내 EFL과는 맥락 차이 있음)",18_exploring-the-influence-of-the-home-literacy-envir,18_exploring-the-influence-of-the-home-literacy-envir.pdf,https://www.frontiersin.org/journals/psychology/articles/10.3389/fpsyg.2024.1336292/pdf
39,parent-home-literacy,Home Literacy Environment and English as A Second Language Acquisition: A Meta-analysis,Yang Dong; Bonnie Wing-Yin Chow,2022,Language Learning and Development,10.1080/15475441.2021.2003197,https://doi.org/10.1080/15475441.2021.2003197,https://www.tandfonline.com/doi/pdf/10.1080/15475441.2021.2003197,yes,,CC BY,OK,가정 문해 환경과 제2언어(영어) 습득 관계 메타분석(CC BY) — 집에서 영어책 환경의 효과,19_home-literacy-environment-and-english-as-a-second,19_home-literacy-environment-and-english-as-a-second.pdf,https://www.tandfonline.com/doi/pdf/10.1080/15475441.2021.2003197
40,parent-home-literacy,Effects of Family Literacy Programs on the Emergent Literacy Skills of Children From Low-SES Families: A Meta-Analysis,Suzanne Fikrat-Wevers; Roel van Steensel; Lidia Arends,2021,Review of Educational Research,10.3102/0034654321998075,https://doi.org/10.3102/0034654321998075,https://journals.sagepub.com/doi/pdf/10.3102/0034654321998075,publisher-blocks-script(200); open via DOI in browser,,CC BY,OK,저소득 가정 대상 가족 문해 프로그램 효과 메타분석(CC BY) — 부모 참여 프로그램 근거,20_effects-of-family-literacy-programs-on-the-emergen,20_effects-of-family-literacy-programs.pdf,https://repub.eur.nl/pub/135234/Repub_135234_O-A.pdf
43,parent-home-literacy,The impact of shared book reading on children's language skills: A meta-analysis,Claire Noble; Giovanni Sala; Michelle Peter; Jamie Lingwood; Caroline Rowland; Fernand Gobet; et al.,2019,Educational Research Review,10.1016/j.edurev.2019.100290,https://doi.org/10.1016/j.edurev.2019.100290,https://www.sciencedirect.com/science/article/pii/S1747938X18305116?via%3Dihub,publisher-blocks-script(403); open via DOI in browser,,CC BY,OK,함께 책 읽기(shared book reading)가 아동 언어에 미치는 효과 메타분석(CC BY),21_the-impact-of-shared-book-reading-on-children-s-la,21_the-impact-of-shared-book-reading.pdf,https://repository.ubn.ru.nl/bitstream/handle/2066/213672/213672.pdf?sequence=1&isAllowed=y
44,parent-home-literacy,"The Home Literacy Environment Is a Correlate, but Perhaps Not a Cause, of Variations in Children’s Language and Literacy Development",Marina L. Puglisi; Charles Hulme; Lorna G. Hamilton; Margaret J. Snowling,2017,Scientific Studies of Reading,10.1080/10888438.2017.1346660,https://doi.org/10.1080/10888438.2017.1346660,https://www.tandfonline.com/doi/pdf/10.1080/10888438.2017.1346660,publisher-blocks-script(200); open via DOI in browser,,CC BY,OK,가정 문해 환경은 상관요인이지 원인이 아닐 수 있다(CC BY) — 과장 없이 부모 역할 설명하는 균형 근거,22_the-home-literacy-environment-is-a-correlate-but-p,22_the-home-literacy-environment-is-a-correlate-but-p.pdf,https://ray.yorksj.ac.uk/id/eprint/2373/2/Puglisi%20et%20al%20revised%20v3.pdf
45,parent-home-literacy,SPIRE Project: Parental Involvement in Young Children’s ESL Reading Development,Madhubala Bava Harji; Kavitha Balakrishnan; Krishnanveni Letchumanan,2016,English Language Teaching,10.5539/elt.v9n12p1,https://doi.org/10.5539/elt.v9n12p1,http://www.ccsenet.org/journal/index.php/elt/article/download/64218/34577,yes,,CC BY,OK,말레이시아 6개월 부모 참여 프로그램(SPIRE)이 어린 ESL 아동 영어 읽기에 미친 영향(CC BY) — 비원어민 부모도 참여 가능하다는 사례,23_spire-project-parental-involvement-in-young-childr,23_spire-project-parental-involvement-in-young-childr.pdf,http://www.ccsenet.org/journal/index.php/elt/article/download/64218/34577
